{
  "role": "utility",
  "games_analyzed": 8,
  "impact": {
    "totalDamageDealtToChampions": -5.5075,
    "totalAllyJungleMinionsKilled": -1.42,
    "totalDamageTaken": 1.4362500000000002,
    "effectiveHealAndShielding": 30.543750000000003,
    "turretKills": -6.779999999999999,
    "totalDamageShieldedOnTeammates": 18.3075,
    "wardsKilled": -9.4725,
    "damageSelfMitigated": 8.295,
    "immobilizeAndKillWithAlly": 5.53625,
    "totalHeal": 7.4125,
    "damageDealtToTurrets": -3.3587499999999997,
    "totalEnemyJungleMinionsKilled": 0.0,
    "totalTimeCCDealt": 2.8275000000000006,
    "totalHealsOnTeammates": 39.865,
    "wardsPlaced": 9.151250000000001,
    "killAfterHiddenWithAlly": 0.7962499999999997,
    "wardsGuarded": 22.02375,
    "timeCCingOthers": 10.44125,
    "totalDamageDealt": -2.6,
    "skillshotsDodged": 9.540000000000001,
    "controlWardsPlaced": 13.83625,
    "enemyChampionImmobilizations": 11.41125,
    "damageDealtToObjectives": -3.7075000000000005,
    "skillshotsHit": -13.285,
    "damageDealtToBuildings": -3.3587499999999997,
    "totalMinionsKilled": -2.2499999999999996,
    "pickKillWithAlly": -0.23500000000000015,
    "killParticipation": -1.1487500000000002,
    "goldEarned": -1.7574999999999998,
    "deaths": 5.736249999999999,
    "soloKills": -2.5012499999999998
  }
}